Protein,Peptide Count,Protein Length,Normalized Peptide Count
sp|D6VTK4|STE2_YEAST,1,431,0.002320185614849188
sp|O42831|YA075_YEAST,1,157,0.006369426751592357
sp|O43137|YB085_YEAST,1,85,0.011764705882352941
sp|P0C0V8|RS21A_YEAST,1,87,0.011494252873563218
sp|P00425|COX5B_YEAST,1,151,0.006622516556291391
sp|P00890|CISY1_YEAST,2,479,0.0041753653444676405
sp|P05749|RL22A_YEAST,1,121,0.008264462809917356
sp|P07703|RPAC1_YEAST,1,335,0.0029850746268656717
sp|P04840|VDAC1_YEAST,2,283,0.007067137809187279
sp|P09435|HSP73_YEAST,1,649,0.0015408320493066256
sp|P05759|RS27A_YEAST,1,152,0.006578947368421052
sp|P04821|CDC25_YEAST,1,1589,0.0006293266205160479
sp|P02829|HSP82_YEAST,1,709,0.0014104372355430183
sp|P05085|ARGR2_YEAST,1,880,0.0011363636363636363
sp|P00549|KPYK1_YEAST,13,500,0.026
sp|P0CS90|HSP77_YEAST,3,654,0.0045871559633027525
sp|P06105|SC160_YEAST,5,1222,0.004091653027823241
sp|P06782|SNF1_YEAST,1,633,0.001579778830963665
sp|P09624|DLDH_YEAST,1,499,0.002004008016032064
sp|P07258|CARA_YEAST,1,411,0.0024330900243309003
sp|P00128|QCR7_YEAST,1,127,0.007874015748031496
sp|P06245|KAPB_YEAST,1,380,0.002631578947368421
sp|P07270|PHO4_YEAST,1,312,0.003205128205128205
sp|P00359|G3P3_YEAST,3,332,0.009036144578313253
sp|P07884|MOD5_YEAST,1,428,0.002336448598130841
sp|P07170|KAD2_YEAST,1,222,0.0045045045045045045
sp|P08417|FUMH_YEAST,1,488,0.0020491803278688526
sp|P04807|HXKB_YEAST,2,486,0.00411522633744856
sp|P04806|HXKA_YEAST,1,485,0.002061855670103093
sp|P00899|TRPE_YEAST,1,507,0.0019723865877712033
sp|P07262|DHE4_YEAST,1,454,0.0022026431718061676
sp|P07267|CARP_YEAST,1,405,0.0024691358024691358
sp|P08524|FPPS_YEAST,1,352,0.002840909090909091
sp|P04161|PUR3_YEAST,1,214,0.004672897196261682
sp|P09064|IF2B_YEAST,2,285,0.007017543859649123
sp|P02406|RL28_YEAST,1,149,0.006711409395973154
sp|P04802|SYDC_YEAST,2,557,0.003590664272890485
sp|P07244|PUR2_YEAST,1,802,0.0012468827930174563
sp|P06738|PHSG_YEAST,2,902,0.0022172949002217295
sp|P03965|CARB_YEAST,1,1118,0.0008944543828264759
sp|P07274|PROF_YEAST,1,126,0.007936507936507936
sp|P00815|HIS2_YEAST,4,799,0.0050062578222778474
sp|P01123|YPT1_YEAST,1,206,0.0048543689320388345
sp|P07285|TRPD_YEAST,1,380,0.002631578947368421
sp|P06168|ILV5_YEAST,3,395,0.007594936708860759
sp|P00447|SODM_YEAST,1,233,0.004291845493562232
sp|P07277|KIME_YEAST,1,443,0.002257336343115124
sp|P09620|KEX1_YEAST,1,729,0.0013717421124828531
sp|P00937|TRPG_YEAST,1,484,0.002066115702479339
sp|P00445|SODC_YEAST,1,154,0.006493506493506494
sp|P00427|COX6_YEAST,1,148,0.006756756756756757
sp|P02992|EFTU_YEAST,2,437,0.004576659038901602
sp|P07866|LTE1_YEAST,1,1435,0.0006968641114982578
sp|P07172|HIS8_YEAST,1,385,0.0025974025974025974
sp|P06785|TYSY_YEAST,1,304,0.003289473684210526
sp|P08466|NUC1_YEAST,1,329,0.00303951367781155
sp|P08539|GPA1_YEAST,1,472,0.00211864406779661
sp|P00924|ENO1_YEAST,2,437,0.004576659038901602
sp|P07260|IF4E_YEAST,1,213,0.004694835680751174
sp|P08518|RPB2_YEAST,3,1224,0.0024509803921568627
sp|P09436|SYIC_YEAST,4,1072,0.0037313432835820895
sp|P00925|ENO2_YEAST,7,437,0.016018306636155607
sp|P00330|ADH1_YEAST,1,348,0.0028735632183908046
sp|P07257|QCR2_YEAST,1,368,0.002717391304347826
sp|P06786|TOP2_YEAST,3,1428,0.0021008403361344537
sp|P06839|RAD3_YEAST,1,778,0.0012853470437017994
sp|P07269|PHO2_YEAST,1,559,0.0017889087656529517
sp|P00812|ARGI_YEAST,1,333,0.003003003003003003
sp|P06633|HIS7_YEAST,3,220,0.013636363636363636
sp|P03872|REP2_YEAST,1,296,0.0033783783783783786
sp|P05453|ERF3_YEAST,1,685,0.00145985401459854
sp|P06773|DCTD_YEAST,1,312,0.003205128205128205
sp|P00927|THDH_YEAST,1,576,0.001736111111111111
sp|P04051|RPC1_YEAST,2,1460,0.0013698630136986301
sp|P07149|FAS1_YEAST,8,2051,0.0039005363237445147
sp|P09938|RIR2_YEAST,4,399,0.010025062656641603
sp|P00830|ATPB_YEAST,1,511,0.0019569471624266144
sp|P02994|EF1A_YEAST,9,458,0.019650655021834062
sp|P07560|SEC4_YEAST,1,215,0.004651162790697674
sp|P02400|RLA4_YEAST,2,110,0.01818181818181818
sp|P06102|NOT3_YEAST,2,836,0.0023923444976076554
sp|P07284|SYSC_YEAST,3,462,0.006493506493506494
sp|P05374|CHO2_YEAST,2,869,0.0023014959723820483
sp|P04147|PABP_YEAST,1,577,0.0017331022530329288
sp|P07275|PUT2_YEAST,2,575,0.0034782608695652175
sp|P09440|C1TM_YEAST,1,975,0.0010256410256410256
sp|P07278|KAPR_YEAST,1,416,0.002403846153846154
sp|P08004|CHS1_YEAST,1,1131,0.0008841732979664014
sp|P05030|PMA1_YEAST,1,918,0.0010893246187363835
sp|P01097|ATIF_YEAST,1,85,0.011764705882352941
sp|P07245|C1TC_YEAST,2,946,0.0021141649048625794
sp|P08566|ARO1_YEAST,2,1588,0.0012594458438287153
sp|P04050|RPB1_YEAST,3,1733,0.0017311021350259665
sp|P04650|RL39_YEAST,1,51,0.0196078431372549
sp|P06634|DED1_YEAST,2,604,0.0033112582781456954
sp|P07342|ILVB_YEAST,2,687,0.002911208151382824
sp|P07259|PYR1_YEAST,4,2214,0.0018066847335140017
sp|P07264|LEUC_YEAST,1,779,0.0012836970474967907
sp|P06169|PDC1_YEAST,6,563,0.010657193605683837
sp|P00950|PMG1_YEAST,4,247,0.016194331983805668
sp|P00958|SYMC_YEAST,4,751,0.005326231691078562
sp|P00360|G3P1_YEAST,2,332,0.006024096385542169
sp|P01120|RAS2_YEAST,2,322,0.006211180124223602
sp|P07702|LYS2_YEAST,1,1392,0.0007183908045977011
sp|P04801|SYTC_YEAST,4,734,0.005449591280653951
sp|P06197|PIS_YEAST,1,220,0.004545454545454545
sp|P07807|DYR_YEAST,1,211,0.004739336492890996
sp|P00560|PGK_YEAST,1,416,0.002403846153846154
sp|P02557|TBB_YEAST,1,457,0.002188183807439825
sp|P07263|SYH_YEAST,1,546,0.0018315018315018315
sp|P07806|SYV_YEAST,4,1104,0.0036231884057971015
sp|P05066|PHR_YEAST,1,565,0.0017699115044247787
sp|P07991|OAT_YEAST,2,424,0.0047169811320754715
sp|P00931|TRP_YEAST,1,707,0.0014144271570014145
sp|P07283|PMM_YEAST,1,254,0.003937007874015748
sp|P05750|RS3_YEAST,5,240,0.020833333333333332
sp|P15108|HSC82_YEAST,1,705,0.0014184397163120568
sp|P15303|SEC23_YEAST,2,768,0.0026041666666666665
sp|P10592|HSP72_YEAST,1,639,0.001564945226917058
sp|P12754|EI2BD_YEAST,1,651,0.0015360983102918587
sp|P10591|HSP71_YEAST,2,642,0.003115264797507788
sp|P15424|MS116_YEAST,1,664,0.0015060240963855422
sp|P10834|PET54_YEAST,1,293,0.0034129692832764505
sp|P14747|PP2B2_YEAST,1,604,0.0016556291390728477
sp|P11433|CDC24_YEAST,1,854,0.00117096018735363
sp|P16862|PFKA2_YEAST,3,959,0.0031282586027111575
sp|P19454|CSK22_YEAST,1,339,0.0029498525073746312
sp|P18899|DDR48_YEAST,2,430,0.004651162790697674
sp|P16474|GRP78_YEAST,3,682,0.004398826979472141
sp|P10862|RAD18_YEAST,1,487,0.002053388090349076
sp|P11633|NHP6B_YEAST,1,99,0.010101010101010102
sp|P17649|GABAT_YEAST,2,471,0.004246284501061571
sp|P16861|PFKA1_YEAST,2,987,0.002026342451874367
sp|P13574|STE12_YEAST,2,688,0.0029069767441860465
sp|P12962|CAF20_YEAST,1,161,0.006211180124223602
sp|P10080|SSBP1_YEAST,1,294,0.003401360544217687
sp|P19882|HSP60_YEAST,2,572,0.0034965034965034965
sp|P12868|PEP5_YEAST,1,1029,0.0009718172983479105
sp|P19955|RT31_YEAST,1,123,0.008130081300813009
sp|P16467|PDC5_YEAST,1,563,0.0017761989342806395
sp|P16622|HEMH_YEAST,1,393,0.002544529262086514
sp|P18961|YPK2_YEAST,1,677,0.0014771048744460858
sp|P15646|FBRL_YEAST,1,327,0.0030581039755351682
sp|P14020|DPM1_YEAST,1,267,0.003745318352059925
sp|P19735|PRP6_YEAST,2,899,0.002224694104560623
sp|P11972|SST2_YEAST,1,698,0.0014326647564469914
sp|P17536|TPM1_YEAST,1,199,0.005025125628140704
sp|P18480|SNF5_YEAST,1,905,0.0011049723756906078
sp|P16370|RPB3_YEAST,1,318,0.0031446540880503146
sp|P11745|RNA1_YEAST,1,407,0.002457002457002457
sp|P15705|STI1_YEAST,1,589,0.001697792869269949
sp|P17883|SKI3_YEAST,1,1432,0.0006983240223463687
sp|P14922|CYC8_YEAST,1,966,0.0010351966873706005
sp|P15565|TRM1_YEAST,1,570,0.0017543859649122807
sp|P13433|RPOM_YEAST,1,1351,0.0007401924500370096
sp|P14736|RAD4_YEAST,1,754,0.001326259946949602
sp|P10507|MPPB_YEAST,1,462,0.0021645021645021645
sp|P16140|VATB_YEAST,2,517,0.0038684719535783366
sp|P10964|RPA1_YEAST,1,1664,0.0006009615384615385
sp|P15274|AMPD_YEAST,1,810,0.0012345679012345679
sp|P12383|PDR1_YEAST,2,1068,0.0018726591760299626
sp|P12866|STE6_YEAST,1,1290,0.0007751937984496124
sp|P11075|SEC7_YEAST,4,2009,0.001991040318566451
sp|P14772|BPT1_YEAST,1,1559,0.0006414368184733803
sp|P10614|CP51_YEAST,1,530,0.0018867924528301887
sp|P12904|AAKG_YEAST,1,322,0.003105590062111801
sp|P14742|GFA1_YEAST,1,717,0.001394700139470014
sp|P13259|PCY1_YEAST,1,424,0.0023584905660377358
sp|P14832|CYPH_YEAST,3,162,0.018518518518518517
sp|P18239|ADT2_YEAST,1,318,0.0031446540880503146
sp|P18494|GLN3_YEAST,1,730,0.0013698630136986301
sp|P15019|TAL1_YEAST,2,335,0.005970149253731343
sp|P17106|CBF1_YEAST,1,351,0.002849002849002849
sp|P16120|THRC_YEAST,1,514,0.0019455252918287938
sp|P19097|FAS2_YEAST,8,1887,0.0042395336512983575
sp|P13856|RSR1_YEAST,1,272,0.003676470588235294
sp|P19524|MYO2_YEAST,4,1574,0.0025412960609911056
sp|P13586|ATC1_YEAST,2,950,0.002105263157894737
sp|P10081|IF4A_YEAST,2,395,0.005063291139240506
sp|P15624|SYFB_YEAST,3,595,0.005042016806722689
sp|P11353|HEM6_YEAST,2,328,0.006097560975609756
sp|P14284|DPOZ_YEAST,1,1504,0.0006648936170212766
sp|P11914|MPPA_YEAST,1,482,0.002074688796680498
sp|P12695|ODP2_YEAST,6,482,0.012448132780082987
sp|P10863|TIR1_YEAST,1,254,0.003937007874015748
sp|P19414|ACON_YEAST,1,778,0.0012853470437017994
sp|P17255|VATA_YEAST,7,1071,0.006535947712418301
sp|P11938|RAP1_YEAST,1,827,0.0012091898428053204
sp|P15891|ABP1_YEAST,4,592,0.006756756756756757
sp|P16521|EF3A_YEAST,6,1044,0.005747126436781609
sp|P16387|ODPA_YEAST,2,420,0.004761904761904762
sp|P14904|AMPL_YEAST,1,514,0.0019455252918287938
sp|P12612|TCPA_YEAST,1,559,0.0017889087656529517
sp|P12709|G6PI_YEAST,3,554,0.005415162454873646
sp|P15180|SYKC_YEAST,3,591,0.005076142131979695
sp|P16649|TUP1_YEAST,3,713,0.004207573632538569
sp|P17967|PDI_YEAST,1,522,0.0019157088122605363
sp|P15700|KCY_YEAST,1,204,0.004901960784313725
sp|P18562|UPP_YEAST,1,216,0.004629629629629629
sp|P14540|ALF_YEAST,5,359,0.013927576601671309
sp|P14743|NMT_YEAST,2,455,0.004395604395604396
sp|P17555|CAP_YEAST,3,526,0.005703422053231939
sp|P11491|PPB_YEAST,3,566,0.00530035335689046
sp|P12887|UNG_YEAST,1,359,0.002785515320334262
sp|P14126|RL3_YEAST,3,387,0.007751937984496124
sp|P13188|SYQ_YEAST,4,809,0.004944375772558714
sp|P23644|TOM40_YEAST,1,387,0.002583979328165375
sp|P25299|RNA15_YEAST,1,296,0.0033783783783783786
sp|P25343|RV161_YEAST,2,265,0.007547169811320755
sp|P20484|MAK11_YEAST,1,468,0.002136752136752137
sp|P22202|HSP74_YEAST,2,642,0.003115264797507788
sp|P20424|SRP54_YEAST,1,541,0.0018484288354898336
sp|P25454|RAD51_YEAST,1,400,0.0025
sp|P26784|RL16A_YEAST,1,199,0.005025125628140704
sp|P25298|RNA14_YEAST,1,677,0.0014771048744460858
sp|P22224|SEC15_YEAST,2,910,0.002197802197802198
sp|P21306|ATP5E_YEAST,1,62,0.016129032258064516
sp|P28004|PRP45_YEAST,1,379,0.002638522427440633
sp|P29295|HRR25_YEAST,1,494,0.0020242914979757085
sp|P25694|CDC48_YEAST,3,835,0.003592814371257485
sp|P21825|SEC62_YEAST,1,274,0.0036496350364963502
sp|P25604|STP22_YEAST,1,385,0.0025974025974025974
sp|P21268|FAR1_YEAST,1,830,0.0012048192771084338
sp|P26637|SYLC_YEAST,2,1090,0.001834862385321101
sp|P21264|PUR6_YEAST,1,571,0.0017513134851138354
sp|P25375|PRTD_YEAST,2,712,0.0028089887640449437
sp|P22213|SLY1_YEAST,1,666,0.0015015015015015015
sp|P25559|DCC1_YEAST,1,380,0.002631578947368421
sp|P26786|RS7A_YEAST,1,190,0.005263157894736842
sp|P28274|URA7_YEAST,1,579,0.0017271157167530224
sp|P25045|LCB1_YEAST,1,558,0.0017921146953405018
sp|P24309|DBR1_YEAST,1,405,0.0024691358024691358
sp|P28321|MGLL_YEAST,1,313,0.003194888178913738
sp|P28789|HEM3_YEAST,2,327,0.0061162079510703364
sp|P24004|PEX1_YEAST,1,1043,0.0009587727708533077
sp|P22138|RPA2_YEAST,3,1203,0.0024937655860349127
sp|P25386|USO1_YEAST,1,1790,0.0005586592178770949
sp|P22696|ESS1_YEAST,1,170,0.0058823529411764705
sp|P20449|DBP5_YEAST,2,482,0.004149377593360996
sp|P27692|SPT5_YEAST,1,1063,0.0009407337723424271
sp|P22203|VATE_YEAST,1,233,0.004291845493562232
sp|P28273|OPLA_YEAST,2,1286,0.0015552099533437014
sp|P27801|PEP3_YEAST,1,918,0.0010893246187363835
sp|P28834|IDH1_YEAST,1,360,0.002777777777777778
sp|P20051|PYRC_YEAST,1,364,0.0027472527472527475
sp|P29453|RL8B_YEAST,1,256,0.00390625
sp|P27616|PUR7_YEAST,2,306,0.006535947712418301
sp|P24276|SSD1_YEAST,3,1250,0.0024
sp|P21951|DPOE_YEAST,1,2222,0.00045004500450045
sp|P27810|KTR1_YEAST,1,393,0.002544529262086514
sp|P23202|URE2_YEAST,1,354,0.002824858757062147
sp|P25302|SWI4_YEAST,1,1093,0.0009149130832570906
sp|P27929|NAM9_YEAST,1,486,0.00205761316872428
sp|P29465|CHS3_YEAST,1,1165,0.0008583690987124463
sp|P25588|MRC1_YEAST,1,1096,0.0009124087591240876
sp|P29703|FNTA_YEAST,1,316,0.0031645569620253164
sp|P22146|GAS1_YEAST,1,559,0.0017889087656529517
sp|P27472|GYS2_YEAST,2,705,0.0028368794326241137
sp|P29496|MCM5_YEAST,3,775,0.003870967741935484
sp|P25569|GID7_YEAST,1,745,0.0013422818791946308
sp|P21269|CCA1_YEAST,1,546,0.0018315018315018315
sp|O74700|TIM9_YEAST,1,87,0.011494252873563218
sp|P25372|TRX3_YEAST,2,127,0.015748031496062992
sp|P25368|RRP7_YEAST,1,297,0.003367003367003367
sp|P22276|RPC2_YEAST,1,1149,0.0008703220191470844
sp|P25623|SYP1_YEAST,1,870,0.0011494252873563218
sp|P21304|PWP1_YEAST,1,576,0.001736111111111111
sp|P21771|RT28_YEAST,1,286,0.0034965034965034965
sp|P21560|CBP3_YEAST,1,335,0.0029850746268656717
sp|P20676|NUP1_YEAST,1,1076,0.0009293680297397769
sp|P23615|SPT6_YEAST,4,1451,0.0027567195037904893
sp|P22140|EPT1_YEAST,2,391,0.005115089514066497
sp|P23724|PSB6_YEAST,1,241,0.004149377593360996
sp|P25382|NLE1_YEAST,1,515,0.001941747572815534
sp|P22336|RFA1_YEAST,2,621,0.00322061191626409
sp|P28707|SBA1_YEAST,1,216,0.004629629629629629
sp|P29469|MCM2_YEAST,1,868,0.001152073732718894
sp|P23638|PSA3_YEAST,2,258,0.007751937984496124
sp|P23291|KC11_YEAST,1,538,0.0018587360594795538
sp|P22516|CHL1_YEAST,1,861,0.0011614401858304297
sp|P28240|ACEA_YEAST,1,557,0.0017953321364452424
sp|P20967|ODO1_YEAST,3,1014,0.0029585798816568047
sp|P20448|DBP4_YEAST,2,770,0.0025974025974025974
sp|P21576|VPS1_YEAST,2,704,0.002840909090909091
sp|P22579|SIN3_YEAST,1,1536,0.0006510416666666666
sp|P20095|PRP2_YEAST,1,876,0.001141552511415525
sp|P25336|MSH3_YEAST,1,1018,0.0009823182711198428
sp|P20447|DBP3_YEAST,2,523,0.0038240917782026767
sp|P28272|PYRD_YEAST,2,314,0.006369426751592357
sp|P23254|TKT1_YEAST,2,680,0.0029411764705882353
sp|P25617|YCQ6_YEAST,1,290,0.0034482758620689655
sp|P25583|KAR4_YEAST,1,335,0.0029850746268656717
sp|P25632|RSC6_YEAST,3,483,0.006211180124223602
sp|P25605|ILV6_YEAST,1,309,0.003236245954692557
sp|P25847|MSH2_YEAST,2,964,0.002074688796680498
sp|P25558|BUD3_YEAST,1,1636,0.0006112469437652812
sp|P25567|SRO9_YEAST,1,434,0.002304147465437788
sp|P23642|VAN1_YEAST,1,535,0.001869158878504673
sp|P25038|IF2M_YEAST,1,676,0.0014792899408284023
sp|P25040|TSR4_YEAST,1,408,0.0024509803921568627
sp|P25441|RPC4_YEAST,2,422,0.004739336492890996
sp|P25087|ERG6_YEAST,2,383,0.005221932114882507
sp|P24279|MCM3_YEAST,4,971,0.004119464469618949
sp|P21538|REB1_YEAST,1,810,0.0012345679012345679
sp|P23776|EXG1_YEAST,3,448,0.006696428571428571
sp|P22082|SNF2_YEAST,2,1703,0.0011743981209630064
sp|P21339|MSB1_YEAST,1,1137,0.0008795074758135445
sp|P25574|EMC1_YEAST,1,760,0.0013157894736842105
sp|P24783|DBP2_YEAST,2,546,0.003663003663003663
sp|P25379|STDH_YEAST,2,360,0.005555555555555556
sp|P20459|IF2A_YEAST,1,304,0.003289473684210526
sp|P28777|AROC_YEAST,3,376,0.007978723404255319
sp|P22515|UBA1_YEAST,5,1024,0.0048828125
sp|P23201|SPA2_YEAST,3,1466,0.0020463847203274215
sp|P26783|RS5_YEAST,2,225,0.008888888888888889
sp|P25443|RS2_YEAST,1,254,0.003937007874015748
sp|P26321|RL5_YEAST,2,297,0.006734006734006734
sp|P39685|PO152_YEAST,1,1337,0.0007479431563201197
sp|P32861|UGPA1_YEAST,1,499,0.002004008016032064
sp|P34160|NCBP1_YEAST,1,861,0.0011614401858304297
sp|P32628|RAD23_YEAST,1,398,0.002512562814070352
sp|P39014|MET30_YEAST,1,640,0.0015625
sp|P32641|RAD24_YEAST,1,659,0.0015174506828528073
sp|P38314|SDS24_YEAST,1,527,0.0018975332068311196
sp|P38968|SEC31_YEAST,2,1273,0.0015710919088766694
sp|P39705|NUP60_YEAST,1,539,0.0018552875695732839
sp|P38687|SRP68_YEAST,1,599,0.001669449081803005
sp|P32590|HSP79_YEAST,1,693,0.001443001443001443
sp|P38875|GPI16_YEAST,1,610,0.001639344262295082
sp|P33894|STE13_YEAST,1,931,0.0010741138560687433
sp|P36136|SHB17_YEAST,2,271,0.007380073800738007
sp|P36000|AP1B1_YEAST,1,726,0.0013774104683195593
sp|P38850|RT107_YEAST,1,1070,0.0009345794392523365
sp|P36114|YKR18_YEAST,1,725,0.001379310344827586
sp|P38932|VPS45_YEAST,1,577,0.0017331022530329288
sp|P38966|YD089_YEAST,2,869,0.0023014959723820483
sp|P38330|RMD9L_YEAST,1,731,0.0013679890560875513
sp|P35194|UTP20_YEAST,1,2493,0.00040112314480545525
sp|P32913|VPS17_YEAST,1,551,0.0018148820326678765
sp|P38244|M28P1_YEAST,1,976,0.0010245901639344263
sp|P33204|ARPC4_YEAST,1,171,0.005847953216374269
sp|P38241|SLT11_YEAST,1,364,0.0027472527472527475
sp|P38226|CST26_YEAST,2,397,0.005037783375314861
sp|P36008|EF1G2_YEAST,2,412,0.0048543689320388345
sp|P32468|CDC12_YEAST,1,407,0.002457002457002457
sp|P32915|SC61A_YEAST,1,480,0.0020833333333333333
sp|P32558|SPT16_YEAST,1,1035,0.000966183574879227
sp|P39727|ERV46_YEAST,1,415,0.0024096385542168677
sp|P32602|SEC17_YEAST,1,292,0.003424657534246575
sp|P32830|TIM12_YEAST,2,109,0.01834862385321101
sp|P36019|YPT53_YEAST,1,220,0.004545454545454545
sp|P36018|YPT52_YEAST,1,234,0.004273504273504274
sp|P34162|MED20_YEAST,1,210,0.004761904761904762
sp|P33891|TIP20_YEAST,1,701,0.0014265335235378032
sp|P32502|EI2BB_YEAST,1,381,0.0026246719160104987
sp|P32319|VPS10_YEAST,1,1579,0.0006333122229259025
sp|P33416|HSP78_YEAST,1,811,0.0012330456226880395
sp|P38985|SRP14_YEAST,1,146,0.00684931506849315
sp|P36161|NU133_YEAST,1,1157,0.000864304235090752
sp|P32897|TIM23_YEAST,1,222,0.0045045045045045045
sp|P38009|PUR92_YEAST,1,592,0.0016891891891891893
sp|P36154|AIM29_YEAST,1,155,0.0064516129032258064
sp|P32380|SP110_YEAST,1,944,0.001059322033898305
sp|P32504|CBF3A_YEAST,1,956,0.0010460251046025104
sp|P32589|HSP7F_YEAST,1,693,0.001443001443001443
sp|P38759|VPS29_YEAST,1,282,0.0035460992907801418
sp|P38167|ECM21_YEAST,1,1117,0.0008952551477170994
sp|P38797|PP2C7_YEAST,2,343,0.0058309037900874635
sp|P32854|PEP12_YEAST,1,288,0.003472222222222222
sp|P35182|PP2C1_YEAST,1,281,0.0035587188612099642
sp|P38086|RDH54_YEAST,2,958,0.0020876826722338203
sp|P38283|SLI15_YEAST,3,698,0.004297994269340974
sp|P39743|RV167_YEAST,1,482,0.002074688796680498
sp|P39935|IF4F1_YEAST,2,952,0.0021008403361344537
sp|P31380|FUN30_YEAST,1,1131,0.0008841732979664014
sp|P32497|EIF3C_YEAST,1,812,0.0012315270935960591
sp|P38328|ARPC1_YEAST,1,384,0.0026041666666666665
sp|P38181|NU170_YEAST,2,1502,0.0013315579227696406
sp|P38249|EIF3A_YEAST,2,964,0.002074688796680498
sp|P38264|PHO88_YEAST,1,188,0.005319148936170213
sp|P32606|PT127_YEAST,1,800,0.00125
sp|P38886|RPN10_YEAST,3,268,0.011194029850746268
sp|P39103|COX14_YEAST,1,70,0.014285714285714285
sp|P38828|LSM12_YEAST,1,187,0.0053475935828877
sp|P35729|NU120_YEAST,1,1037,0.0009643201542912247
sp|P31539|HS104_YEAST,3,908,0.003303964757709251
sp|P39538|UBP12_YEAST,1,1254,0.0007974481658692185
sp|P38261|EXO84_YEAST,1,753,0.0013280212483399733
sp|P36046|MIA40_YEAST,2,403,0.004962779156327543
sp|P32342|SRP21_YEAST,1,167,0.005988023952095809
sp|P39985|DPO5_YEAST,1,1022,0.0009784735812133072
sp|P39518|LCF2_YEAST,1,744,0.0013440860215053765
sp|P32368|SAC1_YEAST,1,623,0.0016051364365971107
sp|P36152|DRE2_YEAST,1,348,0.0028735632183908046
sp|P38149|DUG2_YEAST,1,878,0.0011389521640091116
sp|P31787|ACBP_YEAST,1,87,0.011494252873563218
sp|P32349|RPC3_YEAST,1,654,0.0015290519877675841
sp|P38132|MCM7_YEAST,1,845,0.001183431952662722
sp|P39111|VATF_YEAST,1,118,0.00847457627118644
sp|P35184|SQT1_YEAST,1,431,0.002320185614849188
sp|P38310|FTH1_YEAST,1,465,0.002150537634408602
sp|P38623|RCK2_YEAST,1,610,0.001639344262295082
sp|P32363|GPI3_YEAST,1,452,0.0022123893805309734
sp|P39529|YJU6_YEAST,1,758,0.0013192612137203166
sp|P38427|TSL1_YEAST,1,1098,0.0009107468123861566
sp|P38274|HSL7_YEAST,1,827,0.0012091898428053204
sp|P39079|TCPZ_YEAST,1,546,0.0018315018315018315
sp|P31377|STX8_YEAST,1,255,0.00392156862745098
sp|P32790|SLA1_YEAST,1,1244,0.0008038585209003215
sp|P38708|YHI0_YEAST,2,688,0.0029069767441860465
sp|P39106|MNN1_YEAST,1,762,0.0013123359580052493
sp|P38347|YB9P_YEAST,1,419,0.002386634844868735
sp|P38996|NAB3_YEAST,1,802,0.0012468827930174563
sp|P38080|AKL1_YEAST,1,1108,0.0009025270758122744
sp|P37012|PGM2_YEAST,1,569,0.0017574692442882249
sp|P36112|FCJ1_YEAST,1,540,0.001851851851851852
sp|P33334|PRP8_YEAST,1,2413,0.0004144218814753419
sp|P38813|BIG1_YEAST,1,335,0.0029850746268656717
sp|P31378|NTH1_YEAST,1,399,0.002506265664160401
sp|P31334|RM09_YEAST,1,269,0.0037174721189591076
sp|P32419|MDHP_YEAST,1,343,0.0029154518950437317
sp|P38349|UBX7_YEAST,1,436,0.0022935779816513763
sp|P39729|RBG1_YEAST,1,369,0.0027100271002710027
sp|P38920|MLH1_YEAST,1,769,0.0013003901170351106
sp|P32831|NGR1_YEAST,1,672,0.001488095238095238
sp|P30657|PSB7_YEAST,1,266,0.0037593984962406013
sp|P33330|SERC_YEAST,1,395,0.002531645569620253
sp|P32561|RPD3_YEAST,1,433,0.0023094688221709007
sp|P32331|YMC1_YEAST,1,307,0.003257328990228013
sp|P31374|PSK1_YEAST,1,1356,0.0007374631268436578
sp|P39105|PLB1_YEAST,2,664,0.0030120481927710845
sp|P39952|OXA1_YEAST,1,402,0.0024875621890547263
sp|P37292|GLYM_YEAST,1,490,0.0020408163265306124
sp|P32473|ODPB_YEAST,2,366,0.00546448087431694
sp|P33895|NUF2_YEAST,1,451,0.0022172949002217295
sp|P32783|MCES_YEAST,1,436,0.0022935779816513763
sp|P32857|PTM1_YEAST,1,523,0.0019120458891013384
sp|P38990|SAK1_YEAST,1,1142,0.0008756567425569177
sp|P33322|CBF5_YEAST,2,483,0.004140786749482402
sp|P39993|GEA2_YEAST,2,1459,0.0013708019191226869
sp|P36532|RM37_YEAST,1,105,0.009523809523809525
sp|P35817|BDF1_YEAST,1,686,0.0014577259475218659
sp|P33333|PLSC_YEAST,1,303,0.0033003300330033004
sp|P38262|SIF2_YEAST,1,535,0.001869158878504673
sp|P36120|DBP7_YEAST,2,742,0.0026954177897574125
sp|P39521|FHL1_YEAST,1,936,0.0010683760683760685
sp|P37303|GLY1_YEAST,1,387,0.002583979328165375
sp|P38075|PDX3_YEAST,3,228,0.013157894736842105
sp|P32457|CDC3_YEAST,1,520,0.0019230769230769232
sp|P37302|APE3_YEAST,3,537,0.00558659217877095
sp|P33448|TOM6_YEAST,1,61,0.01639344262295082
sp|P39969|BOI2_YEAST,2,1040,0.0019230769230769232
sp|P34241|URB1_YEAST,1,1764,0.0005668934240362812
sp|P38074|HMT1_YEAST,1,348,0.0028735632183908046
sp|P38251|RFC5_YEAST,1,354,0.002824858757062147
sp|P32806|GYP6_YEAST,2,458,0.004366812227074236
sp|P38115|ARA1_YEAST,2,344,0.005813953488372093
sp|P38143|GPX2_YEAST,1,162,0.006172839506172839
sp|P38891|BCA1_YEAST,1,393,0.002544529262086514
sp|P38931|SSN2_YEAST,1,1420,0.0007042253521126761
sp|P39726|GCSH_YEAST,1,170,0.0058823529411764705
sp|P38148|PPS1_YEAST,1,807,0.0012391573729863693
sp|P32352|ERG2_YEAST,1,222,0.0045045045045045045
sp|P32480|HIR2_YEAST,1,875,0.001142857142857143
sp|P36775|LONM_YEAST,1,1133,0.00088261253309797
sp|P38861|NMD3_YEAST,1,518,0.0019305019305019305
sp|P32386|YBT1_YEAST,2,1661,0.0012040939193257074
sp|P38130|KTR3_YEAST,1,404,0.0024752475247524753
sp|P38903|2A5D_YEAST,1,757,0.001321003963011889
sp|P32598|PP12_YEAST,2,312,0.00641025641025641
sp|P32340|NDI1_YEAST,1,513,0.001949317738791423
sp|P38961|RRP8_YEAST,1,392,0.002551020408163265
sp|P38999|LYS9_YEAST,1,446,0.002242152466367713
sp|P38426|TPS3_YEAST,1,1054,0.0009487666034155598
sp|P38339|RGD1_YEAST,1,666,0.0015015015015015015
sp|P32860|NFU1_YEAST,1,256,0.00390625
sp|P38910|CH10_YEAST,2,106,0.018867924528301886
sp|P32639|BRR2_YEAST,1,2163,0.0004623208506703652
sp|P31688|TPS2_YEAST,1,896,0.0011160714285714285
sp|P30665|MCM4_YEAST,1,933,0.0010718113612004287
sp|P36057|SRPB_YEAST,1,244,0.004098360655737705
sp|P31116|DHOM_YEAST,1,359,0.002785515320334262
sp|P33313|CNS1_YEAST,1,385,0.0025974025974025974
sp|P38077|ATPG_YEAST,1,311,0.003215434083601286
sp|P36520|RM10_YEAST,1,322,0.003105590062111801
sp|P38629|RFC3_YEAST,3,340,0.008823529411764706
sp|P36523|RM15_YEAST,1,253,0.003952569169960474
sp|P32839|BCS1_YEAST,1,456,0.0021929824561403508
sp|P32908|SMC1_YEAST,2,1225,0.0016326530612244899
sp|P32610|VATD_YEAST,1,256,0.00390625
sp|P33327|DHE2_YEAST,1,1092,0.0009157509157509158
sp|P38165|RTG3_YEAST,1,486,0.00205761316872428
sp|P32316|ACH1_YEAST,1,526,0.0019011406844106464
sp|P32621|GDA1_YEAST,1,518,0.0019305019305019305
sp|P38255|RXT2_YEAST,1,430,0.002325581395348837
sp|P37898|AAP1_YEAST,2,856,0.002336448598130841
sp|P36016|LHS1_YEAST,1,881,0.0011350737797956867
sp|P38631|FKS1_YEAST,2,1876,0.0010660980810234541
sp|P36516|RM03_YEAST,1,390,0.002564102564102564
sp|P34216|EDE1_YEAST,2,1381,0.001448225923244026
sp|P32379|PSA5_YEAST,1,260,0.0038461538461538464
sp|P38929|ATC2_YEAST,1,1173,0.0008525149190110827
sp|P32490|MKK1_YEAST,1,508,0.001968503937007874
sp|P39925|AFG3_YEAST,1,761,0.001314060446780552
sp|P35197|GCS1_YEAST,1,352,0.002840909090909091
sp|P38788|SSZ1_YEAST,1,538,0.0018587360594795538
sp|P34167|IF4B_YEAST,1,436,0.0022935779816513763
sp|P34087|RPB7_YEAST,1,171,0.005847953216374269
sp|P36111|YKZ5_YEAST,1,568,0.0017605633802816902
sp|P38795|NADE_YEAST,1,714,0.0014005602240896359
sp|P33401|PGM1_YEAST,2,570,0.0035087719298245615
sp|P34761|WHI3_YEAST,1,661,0.0015128593040847202
sp|P32591|SWI3_YEAST,1,825,0.0012121212121212121
sp|P36084|MUD2_YEAST,2,527,0.003795066413662239
sp|P32505|NAB2_YEAST,1,525,0.0019047619047619048
sp|P38890|SET5_YEAST,1,526,0.0019011406844106464
sp|P32333|MOT1_YEAST,1,1867,0.0005356186395286556
sp|P32476|ERG1_YEAST,3,496,0.006048387096774193
sp|P32802|TMN1_YEAST,2,667,0.0029985007496251873
sp|P32843|YME2_YEAST,2,850,0.002352941176470588
sp|P38109|YBY9_YEAST,1,508,0.001968503937007874
sp|P38221|CDS1_YEAST,1,457,0.002188183807439825
sp|P38845|CRP1_YEAST,2,465,0.004301075268817204
sp|P34756|FAB1_YEAST,1,2278,0.0004389815627743635
sp|P32909|SMY2_YEAST,1,740,0.0013513513513513514
sp|P38791|DHYS_YEAST,2,387,0.00516795865633075
sp|P38998|LYS1_YEAST,2,373,0.005361930294906166
sp|P38772|BCD1_YEAST,3,366,0.00819672131147541
sp|P38969|PNT1_YEAST,1,423,0.002364066193853428
sp|P39531|RCY1_YEAST,1,840,0.0011904761904761906
sp|P32471|EF1B_YEAST,3,206,0.014563106796116505
sp|P32521|PAN1_YEAST,2,1480,0.0013513513513513514
sp|P33302|PDR5_YEAST,1,1511,0.0006618133686300463
sp|P38777|FSH1_YEAST,1,243,0.00411522633744856
sp|P36528|RM17_YEAST,2,281,0.0071174377224199285
sp|P33775|PMT1_YEAST,1,817,0.0012239902080783353
sp|P32795|YME1_YEAST,1,747,0.0013386880856760374
sp|P38127|RIM2_YEAST,1,377,0.002652519893899204
sp|P38988|GGC1_YEAST,1,300,0.0033333333333333335
sp|P38934|BFR1_YEAST,3,470,0.006382978723404255
sp|P38112|MAK5_YEAST,1,773,0.00129366106080207
sp|P37296|STV1_YEAST,2,890,0.0022471910112359553
sp|P32074|COPG_YEAST,1,935,0.0010695187165775401
sp|P38219|OLA1_YEAST,2,394,0.005076142131979695
sp|P34164|SIP2_YEAST,1,415,0.0024096385542168677
sp|P32608|RTG2_YEAST,1,588,0.0017006802721088435
sp|P38716|YHR2_YEAST,1,378,0.0026455026455026454
sp|P39557|YAL7_YEAST,1,106,0.009433962264150943
sp|P31115|PUS3_YEAST,1,442,0.0022624434389140274
sp|P32325|DBF4_YEAST,1,704,0.0014204545454545455
sp|P33307|CSE1_YEAST,1,960,0.0010416666666666667
sp|P33892|GCN1_YEAST,5,2672,0.0018712574850299401
sp|P39005|KRE9_YEAST,2,276,0.007246376811594203
sp|P37298|DHSD_YEAST,1,181,0.0055248618784530384
sp|P38995|ATU2_YEAST,1,1004,0.00099601593625498
sp|P38205|NCL1_YEAST,3,684,0.0043859649122807015
sp|P32356|TREA_YEAST,3,751,0.0039946737683089215
sp|P38787|PANE_YEAST,1,379,0.002638522427440633
sp|P38281|APD1_YEAST,1,316,0.0031645569620253164
sp|P38756|YHG3_YEAST,1,429,0.002331002331002331
sp|P38707|SYNC_YEAST,3,554,0.005415162454873646
sp|P32466|HXT3_YEAST,1,567,0.001763668430335097
sp|P35191|MDJ1_YEAST,1,511,0.0019569471624266144
sp|P38912|IF1A_YEAST,1,153,0.006535947712418301
sp|P39954|SAHH_YEAST,1,449,0.0022271714922048997
sp|P39520|IFH1_YEAST,1,1085,0.0009216589861751152
sp|P34250|SEG2_YEAST,1,1132,0.0008833922261484099
sp|P36165|TGL4_YEAST,2,910,0.002197802197802198
sp|P36102|PAN3_YEAST,3,679,0.004418262150220913
sp|P38061|RL32_YEAST,2,130,0.015384615384615385
sp|P39077|TCPG_YEAST,3,534,0.0056179775280898875
sp|P32660|ATC5_YEAST,2,1571,0.001273074474856779
sp|P33332|SEC3_YEAST,2,1336,0.0014970059880239522
sp|P32855|SEC8_YEAST,2,1065,0.0018779342723004694
sp|P32898|CYM1_YEAST,5,989,0.005055611729019211
sp|P38225|FAT1_YEAST,1,669,0.0014947683109118087
sp|P36034|COS9_YEAST,1,407,0.002457002457002457
sp|P34730|BMH2_YEAST,1,273,0.003663003663003663
sp|P38250|IST2_YEAST,1,946,0.0010570824524312897
sp|P33338|SLA2_YEAST,2,968,0.002066115702479339
sp|P38682|GLO3_YEAST,1,493,0.002028397565922921
sp|P38775|YHK5_YEAST,1,560,0.0017857142857142857
sp|P32568|SNQ2_YEAST,5,1501,0.0033311125916055963
sp|P30822|XPO1_YEAST,3,1084,0.0027675276752767526
sp|P34237|CASP_YEAST,1,679,0.0014727540500736377
sp|P32832|RSC7_YEAST,1,435,0.0022988505747126436
sp|P31382|PMT2_YEAST,2,759,0.002635046113306983
sp|P38758|TDA3_YEAST,1,523,0.0019120458891013384
sp|P33315|TKT2_YEAST,1,681,0.0014684287812041115
sp|P35728|MPE1_YEAST,1,441,0.0022675736961451248
sp|P38071|ETR1_YEAST,2,380,0.005263157894736842
sp|P38811|TRA1_YEAST,1,3744,0.0002670940170940171
sp|P32563|VPH1_YEAST,3,840,0.0035714285714285713
sp|P36006|MYO3_YEAST,1,1272,0.0007861635220125787
sp|P35844|KES1_YEAST,1,434,0.002304147465437788
sp|P38624|PSB1_YEAST,1,215,0.004651162790697674
sp|P38690|YHJ3_YEAST,1,423,0.002364066193853428
sp|P32047|MLF3_YEAST,2,452,0.004424778761061947
sp|P32611|RML2_YEAST,1,393,0.002544529262086514
sp|P39744|NOC2_YEAST,3,710,0.004225352112676056
sp|P38011|GBLP_YEAST,4,319,0.012539184952978056
sp|P32288|GLNA_YEAST,1,370,0.002702702702702703
sp|P38590|MSG5_YEAST,1,489,0.002044989775051125
sp|P32447|ASF1_YEAST,1,279,0.0035842293906810036
sp|P38174|MAP2_YEAST,1,421,0.0023752969121140144
sp|P38013|AHP1_YEAST,1,176,0.005681818181818182
sp|P34217|PIN4_YEAST,1,668,0.0014970059880239522
sp|P38353|SSH1_YEAST,1,490,0.0020408163265306124
sp|P34760|TSA1_YEAST,2,196,0.01020408163265306
sp|P34111|TFC3_YEAST,1,1160,0.0008620689655172414
sp|P38822|BZZ1_YEAST,2,633,0.00315955766192733
sp|P36101|YKC7_YEAST,1,447,0.0022371364653243847
sp|P39109|YCFI_YEAST,1,1515,0.0006600660066006601
sp|P38800|YHO0_YEAST,1,1345,0.0007434944237918215
sp|P38344|REI1_YEAST,2,393,0.005089058524173028
sp|P38853|KEL1_YEAST,2,1164,0.001718213058419244
sp|P38747|OTU2_YEAST,1,307,0.003257328990228013
sp|P35169|TOR1_YEAST,1,2470,0.0004048582995951417
sp|P32190|GLPK_YEAST,2,709,0.0028208744710860366
sp|P39101|CAJ1_YEAST,2,391,0.005115089514066497
sp|P32528|DUR1_YEAST,3,1835,0.0016348773841961854
sp|P32892|DRS1_YEAST,2,752,0.0026595744680851063
sp|P39730|IF2P_YEAST,4,1002,0.003992015968063872
sp|P39960|BEM2_YEAST,3,2167,0.0013844023996308261
sp|P38439|LEO1_YEAST,1,464,0.0021551724137931034
sp|P38712|RRP3_YEAST,1,501,0.001996007984031936
sp|P36049|EBP2_YEAST,1,427,0.00234192037470726
sp|P38081|YBQ6_YEAST,1,501,0.001996007984031936
sp|P38625|GUAA_YEAST,1,525,0.0019047619047619048
sp|P37838|NOP4_YEAST,1,685,0.00145985401459854
sp|P39015|STM1_YEAST,2,273,0.007326007326007326
sp|P36166|PXL1_YEAST,1,706,0.00141643059490085
sp|P38764|RPN1_YEAST,2,993,0.002014098690835851
sp|P38779|CIC1_YEAST,2,376,0.005319148936170213
sp|P32657|CHD1_YEAST,4,1468,0.0027247956403269754
sp|P35845|OSH1_YEAST,3,1188,0.0025252525252525255
sp|P36076|CAB3_YEAST,1,571,0.0017513134851138354
sp|P39107|MNN9_YEAST,3,395,0.007594936708860759
sp|P38972|PUR4_YEAST,9,1358,0.0066273932253313695
sp|P32564|SCM4_YEAST,1,187,0.0053475935828877
sp|P39001|UME6_YEAST,1,836,0.0011961722488038277
sp|P38235|YBQ3_YEAST,1,358,0.002793296089385475
sp|P38628|AGM1_YEAST,1,557,0.0017953321364452424
sp|P38041|BOB1_YEAST,1,980,0.0010204081632653062
sp|P32565|RPN2_YEAST,3,945,0.0031746031746031746
sp|P38144|ISW1_YEAST,2,1129,0.001771479185119575
sp|P32489|MEI5_YEAST,1,222,0.0045045045045045045
sp|P38915|SPT8_YEAST,1,602,0.0016611295681063123
sp|P32901|PTR2_YEAST,1,601,0.0016638935108153079
sp|P32582|CBS_YEAST,1,507,0.0019723865877712033
sp|P38169|KMO_YEAST,1,460,0.002173913043478261
sp|P39676|FHP_YEAST,1,399,0.002506265664160401
sp|P38111|ATR_YEAST,1,2368,0.0004222972972972973
sp|P38230|QOR_YEAST,2,334,0.005988023952095809
sp|P38088|SYG_YEAST,4,690,0.005797101449275362
sp|P32324|EF2_YEAST,9,842,0.010688836104513063
sp|P49334|TOM22_YEAST,1,152,0.006578947368421052
sp|P46959|TRM61_YEAST,1,383,0.0026109660574412533
sp|P40061|TSC11_YEAST,1,1430,0.0006993006993006993
sp|P47054|NU192_YEAST,1,1683,0.0005941770647653001
sp|P40563|AIM21_YEAST,1,679,0.0014727540500736377
sp|P49090|ASNS2_YEAST,1,572,0.0017482517482517483
sp|P46673|NUP85_YEAST,1,744,0.0013440860215053765
sp|P40352|RAD26_YEAST,1,1085,0.0009216589861751152
sp|P40531|GVP36_YEAST,1,326,0.003067484662576687
sp|P40318|DOA10_YEAST,2,1319,0.001516300227445034
sp|P40150|HSP76_YEAST,1,613,0.0016313213703099511
sp|P40047|ALDH5_YEAST,1,520,0.0019230769230769232
sp|P40217|EIF3I_YEAST,1,347,0.002881844380403458
sp|P40555|PSMD9_YEAST,1,220,0.004545454545454545
sp|P40482|SEC24_YEAST,1,926,0.0010799136069114472
sp|P48415|SEC16_YEAST,2,2195,0.0009111617312072893
sp|P40495|LYS12_YEAST,2,371,0.005390835579514825
sp|P40157|VID27_YEAST,3,782,0.0038363171355498722
sp|P43612|SA155_YEAST,3,1002,0.0029940119760479044
sp|P41811|COPB2_YEAST,2,889,0.0022497187851518562
sp|P40477|NU159_YEAST,1,1460,0.0006849315068493151
sp|P46669|RPA43_YEAST,1,326,0.003067484662576687
sp|P46989|ATG27_YEAST,1,271,0.0036900369003690036
sp|P47154|STE24_YEAST,1,453,0.002207505518763797
sp|P40161|RT106_YEAST,1,455,0.002197802197802198
sp|P47083|MPP10_YEAST,1,593,0.0016863406408094434
sp|P47061|VPS53_YEAST,3,822,0.0036496350364963502
sp|P40462|TM108_YEAST,2,946,0.0021141649048625794
sp|P43583|BLM10_YEAST,3,2143,0.0013999066728884741
sp|P40469|MET18_YEAST,1,1032,0.0009689922480620155
sp|P49166|RL37A_YEAST,1,88,0.011363636363636364
sp|P43557|FMP32_YEAST,1,207,0.004830917874396135
sp|P43555|EMP47_YEAST,1,445,0.0022471910112359553
sp|P49687|NU145_YEAST,2,1317,0.0015186028853454822
sp|P48234|NOL10_YEAST,1,707,0.0014144271570014145
sp|P41058|RS29B_YEAST,1,56,0.017857142857142856
sp|P41057|RS29A_YEAST,1,56,0.017857142857142856
sp|P40053|AIM9_YEAST,1,627,0.001594896331738437
sp|P40989|FKS2_YEAST,1,1895,0.0005277044854881266
sp|P49017|COQ5_YEAST,1,307,0.003257328990228013
sp|P40089|LSM5_YEAST,1,93,0.010752688172043012
sp|P40152|YNV7_YEAST,1,326,0.003067484662576687
sp|P47170|IML1_YEAST,1,1584,0.0006313131313131314
sp|P40317|SOK1_YEAST,1,901,0.0011098779134295228
sp|P42842|EMW1_YEAST,1,904,0.0011061946902654867
sp|P40480|HOS4_YEAST,1,1083,0.0009233610341643582
sp|P43132|BRE2_YEAST,1,505,0.0019801980198019802
sp|P47160|ENT3_YEAST,1,408,0.0024509803921568627
sp|P46674|SAC3_YEAST,1,1301,0.0007686395080707148
sp|P41807|VATH_YEAST,3,478,0.006276150627615063
sp|P40303|PSA4_YEAST,1,254,0.003937007874015748
sp|P47120|DOHH_YEAST,1,325,0.003076923076923077
sp|P46982|MNN5_YEAST,1,586,0.0017064846416382253
sp|P47171|HIR3_YEAST,1,1648,0.0006067961165048543
sp|P40509|COPE_YEAST,1,296,0.0033783783783783786
sp|P47011|GLG2_YEAST,1,380,0.002631578947368421
sp|P49095|GCSP_YEAST,3,1034,0.0029013539651837525
sp|P44683|PGA4_YEAST,1,607,0.0016474464579901153
sp|P40363|SFGH_YEAST,1,299,0.0033444816053511705
sp|P49954|NIT3_YEAST,1,291,0.003436426116838488
sp|P45818|ROK1_YEAST,2,564,0.0035460992907801418
sp|P40959|MVP1_YEAST,1,511,0.0019569471624266144
sp|P40066|GLE2_YEAST,1,365,0.0027397260273972603
sp|P46655|SYEC_YEAST,2,708,0.002824858757062147
sp|P47089|DENR_YEAST,1,198,0.005050505050505051
sp|P43589|SAD1_YEAST,1,448,0.002232142857142857
sp|P41543|OST1_YEAST,1,476,0.0021008403361344537
sp|P47075|VTC4_YEAST,1,721,0.0013869625520110957
sp|P47169|MET5_YEAST,1,1442,0.0006934812760055479
sp|P47096|3HAO_YEAST,1,177,0.005649717514124294
sp|P40991|NOP2_YEAST,1,618,0.0016181229773462784
sp|P40015|ISC1_YEAST,1,477,0.0020964360587002098
sp|P48589|RS12_YEAST,1,143,0.006993006993006993
sp|P40009|YND1_YEAST,2,630,0.0031746031746031746
sp|P43571|BST1_YEAST,1,1029,0.0009718172983479105
sp|P40021|ZRG8_YEAST,2,1076,0.0018587360594795538
sp|P49775|HNT2_YEAST,1,206,0.0048543689320388345
sp|P48524|BUL1_YEAST,1,976,0.0010245901639344263
sp|P43599|YFI8_YEAST,1,363,0.0027548209366391185
sp|P40367|GPI7_YEAST,1,830,0.0012048192771084338
sp|P47176|BCA2_YEAST,1,376,0.0026595744680851063
sp|P47165|XPT1_YEAST,1,209,0.004784688995215311
sp|P41895|T2FA_YEAST,1,735,0.0013605442176870747
sp|P42942|YG4I_YEAST,1,411,0.0024330900243309003
sp|P40340|TBP7_YEAST,1,1379,0.0007251631617113851
sp|P47002|SSY5_YEAST,1,699,0.001430615164520744
sp|P42934|PMT6_YEAST,1,759,0.0013175230566534915
sp|P47133|EMC2_YEAST,1,292,0.003424657534246575
sp|P40069|IMB4_YEAST,2,1113,0.0017969451931716084
sp|P40448|YIQ3_YEAST,1,117,0.008547008547008548
sp|P41338|THIL_YEAST,1,398,0.002512562814070352
sp|P43636|ALG2_YEAST,2,503,0.003976143141153081
sp|P48563|MON2_YEAST,1,1636,0.0006112469437652812
sp|P46951|YPP1_YEAST,1,817,0.0012239902080783353
sp|P40850|MKT1_YEAST,1,830,0.0012048192771084338
sp|P47037|SMC3_YEAST,1,1230,0.0008130081300813008
sp|P47068|BBC1_YEAST,2,1157,0.001728608470181504
sp|P47093|LSM8_YEAST,1,109,0.009174311926605505
sp|P40457|MLP2_YEAST,3,1679,0.001786777843954735
sp|P40514|YIG7_YEAST,1,678,0.0014749262536873156
sp|P47048|YJE9_YEAST,1,450,0.0022222222222222222
sp|P48510|DSK2_YEAST,2,373,0.005361930294906166
sp|P40207|YM17_YEAST,1,237,0.004219409282700422
sp|P47047|MTR4_YEAST,3,1073,0.0027958993476234857
sp|P43609|RSC8_YEAST,1,557,0.0017953321364452424
sp|P40185|MMF1_YEAST,2,145,0.013793103448275862
sp|P40328|TBP6_YEAST,1,754,0.001326259946949602
sp|P42837|FIG4_YEAST,1,879,0.0011376564277588168
sp|P47031|IML2_YEAST,3,731,0.004103967168262654
sp|P40010|NUG1_YEAST,1,520,0.0019230769230769232
sp|P40024|ARB1_YEAST,1,610,0.001639344262295082
sp|P49167|RL38_YEAST,3,78,0.038461538461538464
sp|P49367|LYS4_YEAST,1,693,0.001443001443001443
sp|P42826|XKS1_YEAST,1,600,0.0016666666666666668
sp|P41805|RL10_YEAST,2,221,0.00904977375565611
sp|P43563|MOB2_YEAST,1,287,0.003484320557491289
sp|P49435|APT1_YEAST,1,187,0.0053475935828877
sp|P40957|MAD1_YEAST,3,749,0.004005340453938585
sp|P47103|CYP7_YEAST,1,393,0.002544529262086514
sp|P44374|SFG2_YEAST,1,843,0.0011862396204033216
sp|P47124|HOC1_YEAST,1,396,0.0025252525252525255
sp|P48582|BRO1_YEAST,1,844,0.001184834123222749
sp|P40040|THO1_YEAST,1,218,0.0045871559633027525
sp|P47079|TCPQ_YEAST,3,568,0.00528169014084507
sp|P40215|NDH1_YEAST,2,560,0.0035714285714285713
sp|P40893|REE1_YEAST,1,198,0.005050505050505051
sp|P47082|AVT1_YEAST,1,602,0.0016611295681063123
sp|P46971|PMT4_YEAST,3,762,0.003937007874015748
sp|P43597|YFI6_YEAST,3,1233,0.0024330900243309003
sp|P47116|PTK2_YEAST,2,818,0.0024449877750611247
sp|P40043|RGI1_YEAST,1,161,0.006211180124223602
sp|P40075|SCS2_YEAST,2,244,0.00819672131147541
sp|P48606|TBCA_YEAST,1,106,0.009433962264150943
sp|P40202|CCS1_YEAST,1,249,0.004016064257028112
sp|P40483|YIK8_YEAST,1,696,0.0014367816091954023
sp|P48567|PUS4_YEAST,1,403,0.0024813895781637717
sp|P42846|KRI1_YEAST,1,591,0.001692047377326565
sp|P49723|RIR4_YEAST,2,345,0.005797101449275362
sp|P42943|TCPH_YEAST,1,550,0.0018181818181818182
sp|P40486|SHQ1_YEAST,1,507,0.0019723865877712033
sp|P41544|SYS1_YEAST,1,203,0.0049261083743842365
sp|P41921|GSHR_YEAST,1,483,0.002070393374741201
sp|P40055|UTP7_YEAST,1,554,0.0018050541516245488
sp|P47108|URB2_YEAST,3,1174,0.002555366269165247
sp|P40084|RTR1_YEAST,2,226,0.008849557522123894
sp|P42935|ELP2_YEAST,2,788,0.0025380710659898475
sp|P47035|NET1_YEAST,3,1189,0.002523128679562658
sp|P43585|VTC2_YEAST,2,828,0.0024154589371980675
sp|P43633|ALK1_YEAST,1,760,0.0013157894736842105
sp|P46682|AP3B_YEAST,3,809,0.003708281829419036
sp|P41698|BUD8_YEAST,1,603,0.001658374792703151
sp|P43556|RGD2_YEAST,1,714,0.0014005602240896359
sp|P47912|LCF4_YEAST,2,694,0.002881844380403458
sp|P48015|GCST_YEAST,1,400,0.0025
sp|P40059|DOT6_YEAST,1,670,0.0014925373134328358
sp|P46683|YAR1_YEAST,2,200,0.01
sp|P41810|COPB_YEAST,1,973,0.0010277492291880781
sp|P40159|YNU8_YEAST,2,199,0.010050251256281407
sp|P40414|TPM2_YEAST,2,161,0.012422360248447204
sp|P47025|MDV1_YEAST,2,714,0.0028011204481792717
sp|P40107|GMT1_YEAST,1,337,0.002967359050445104
sp|P40070|LSM4_YEAST,2,187,0.0106951871657754
sp|P40468|TAO3_YEAST,3,2376,0.0012626262626262627
sp|P46672|G4P1_YEAST,4,376,0.010638297872340425
sp|P47044|YJF5_YEAST,1,245,0.004081632653061225
sp|P44983|UTR6_YEAST,19,1024,0.0185546875
sp|P47143|ADK_YEAST,1,340,0.0029411764705882353
sp|P40825|SYA_YEAST,4,983,0.004069175991861648
sp|P53738|TR112_YEAST,1,135,0.007407407407407408
sp|Q08650|DGAT2_YEAST,1,418,0.0023923444976076554
sp|Q05948|YL225_YEAST,1,407,0.002457002457002457
sp|P53331|REXO1_YEAST,1,553,0.0018083182640144665
sp|Q03430|RSM28_YEAST,1,361,0.002770083102493075
sp|Q06188|YL455_YEAST,1,304,0.003289473684210526
sp|P50094|IMDH4_YEAST,2,524,0.003816793893129771
sp|Q08208|NOP12_YEAST,1,459,0.002178649237472767
sp|Q06410|ATG17_YEAST,1,417,0.002398081534772182
sp|Q08224|THI20_YEAST,1,551,0.0018148820326678765
sp|Q05468|YD333_YEAST,1,723,0.0013831258644536654
sp|Q08215|PEX15_YEAST,1,383,0.0026109660574412533
sp|P53075|SHE10_YEAST,1,577,0.0017331022530329288
sp|Q04675|SEN15_YEAST,1,128,0.0078125
sp|P53203|PEX31_YEAST,1,462,0.0021645021645021645
sp|Q07438|YD071_YEAST,1,124,0.008064516129032258
sp|P53829|CAF40_YEAST,1,373,0.002680965147453083
sp|Q08023|FMP25_YEAST,1,583,0.0017152658662092624
sp|Q06698|YL419_YEAST,2,1435,0.0013937282229965157
sp|Q02931|UTP17_YEAST,1,896,0.0011160714285714285
sp|Q03798|AIM36_YEAST,1,255,0.00392156862745098
sp|Q08001|YL072_YEAST,1,693,0.001443001443001443
sp|P50106|RPA14_YEAST,1,137,0.0072992700729927005
sp|Q03761|TAF12_YEAST,1,539,0.0018552875695732839
sp|Q02767|VPS28_YEAST,1,242,0.004132231404958678
sp|Q04170|YD391_YEAST,1,232,0.004310344827586207
sp|Q06245|SEC10_YEAST,1,871,0.001148105625717566
sp|Q03940|RUVB1_YEAST,3,463,0.0064794816414686825
sp|P52891|NUP84_YEAST,1,726,0.0013774104683195593
sp|Q03790|NUP53_YEAST,2,475,0.004210526315789474
sp|Q05791|CD123_YEAST,1,360,0.002777777777777778
sp|P53128|MTHR2_YEAST,2,600,0.0033333333333333335
sp|P53854|CWC25_YEAST,1,179,0.00558659217877095
sp|Q05635|RNH2B_YEAST,1,350,0.002857142857142857
sp|P53731|ARPC2_YEAST,1,342,0.0029239766081871343
sp|P53319|6PGD2_YEAST,1,492,0.0020325203252032522
sp|Q04182|PDR15_YEAST,2,1529,0.0013080444735120995
sp|P53883|NOP13_YEAST,1,403,0.0024813895781637717
sp|Q04600|TMA64_YEAST,2,565,0.0035398230088495575
sp|Q07418|PEX19_YEAST,2,342,0.005847953216374269
sp|Q01852|TIM44_YEAST,1,431,0.002320185614849188
sp|Q05543|RT103_YEAST,1,409,0.0024449877750611247
sp|P52593|NU188_YEAST,2,1655,0.0012084592145015106
sp|P53199|ERG26_YEAST,1,349,0.0028653295128939827
sp|Q06708|VAC14_YEAST,1,880,0.0011363636363636363
sp|Q01080|RPA49_YEAST,1,415,0.0024096385542168677
sp|P53115|INO80_YEAST,4,1489,0.002686366689053056
sp|P51533|PDR10_YEAST,1,1564,0.0006393861892583121
sp|Q05636|RRP45_YEAST,1,305,0.003278688524590164
sp|Q04935|COX20_YEAST,1,205,0.004878048780487805
sp|Q06010|STE23_YEAST,1,1027,0.0009737098344693282
sp|Q03308|VPS16_YEAST,1,798,0.0012531328320802004
sp|Q08162|RRP44_YEAST,1,1001,0.000999000999000999
sp|Q02785|PDR12_YEAST,3,1511,0.001985440105890139
sp|P53008|CWH41_YEAST,2,833,0.0024009603841536613
sp|P53969|SAM50_YEAST,1,484,0.002066115702479339
sp|P54115|ALDH6_YEAST,5,500,0.01
sp|Q02932|KA120_YEAST,1,1032,0.0009689922480620155
sp|Q04500|UTP14_YEAST,1,899,0.0011123470522803114
sp|Q08748|YO296_YEAST,1,1289,0.0007757951900698216
sp|Q07541|YD121_YEAST,1,149,0.006711409395973154
sp|Q04347|BUD22_YEAST,1,519,0.0019267822736030828
sp|P53844|PDR17_YEAST,1,350,0.002857142857142857
sp|P53131|PRP43_YEAST,1,767,0.001303780964797914
sp|Q02887|ATG21_YEAST,1,496,0.0020161290322580645
sp|Q08641|AB140_YEAST,1,628,0.0015923566878980893
sp|Q04067|EIF3G_YEAST,2,274,0.0072992700729927005
sp|P51402|RL37B_YEAST,1,88,0.011363636363636364
sp|Q02776|TIM50_YEAST,1,476,0.0021008403361344537
sp|Q06107|YP114_YEAST,1,315,0.0031746031746031746
sp|Q07534|S2538_YEAST,1,307,0.003257328990228013
sp|Q08492|BUD21_YEAST,1,214,0.004672897196261682
sp|Q08422|YO052_YEAST,1,150,0.006666666666666667
sp|Q07878|VPS13_YEAST,6,3144,0.0019083969465648854
sp|Q08621|YO201_YEAST,1,117,0.008547008547008548
sp|P54113|PUR91_YEAST,2,591,0.00338409475465313
sp|P54837|TMEDA_YEAST,1,211,0.004739336492890996
sp|Q06671|ATG23_YEAST,1,453,0.002207505518763797
sp|Q08745|RS10A_YEAST,2,105,0.01904761904761905
sp|P53860|PDR16_YEAST,2,351,0.005698005698005698
sp|P53736|YN8O_YEAST,1,256,0.00390625
sp|Q06142|IMB1_YEAST,1,861,0.0011614401858304297
sp|Q01532|BLH1_YEAST,1,483,0.002070393374741201
sp|P53244|ART5_YEAST,1,586,0.0017064846416382253
sp|Q07896|NOC3_YEAST,2,663,0.0030165912518853697
sp|P53723|YN8B_YEAST,1,404,0.0024752475247524753
sp|Q00055|GPD1_YEAST,1,391,0.0025575447570332483
sp|P53877|IPI3_YEAST,1,555,0.0018018018018018018
sp|Q00764|TPS1_YEAST,1,495,0.00202020202020202
sp|P57743|LSM3_YEAST,1,89,0.011235955056179775
sp|P53617|NRD1_YEAST,1,575,0.0017391304347826088
sp|Q06608|PDXH_YEAST,1,200,0.005
sp|P50861|RIB4_YEAST,1,169,0.005917159763313609
sp|Q04089|DOT1_YEAST,1,582,0.001718213058419244
sp|Q08193|GAS5_YEAST,1,484,0.002066115702479339
sp|P51534|SHE4_YEAST,1,789,0.0012674271229404308
sp|Q03103|ERO1_YEAST,1,563,0.0017761989342806395
sp|P53210|YG1B_YEAST,1,297,0.003367003367003367
sp|Q08601|MCA1_YEAST,1,432,0.0023148148148148147
sp|Q06682|UBX5_YEAST,1,500,0.002
sp|Q03034|FDC1_YEAST,1,503,0.0019880715705765406
sp|P53183|YGD9_YEAST,1,348,0.0028735632183908046
sp|P53847|DSL1_YEAST,1,754,0.001326259946949602
sp|Q08685|CLP1_YEAST,1,445,0.0022471910112359553
sp|Q02256|PVH1_YEAST,1,364,0.0027472527472527475
sp|Q02204|RM13_YEAST,1,264,0.003787878787878788
sp|P53094|MDS3_YEAST,2,1487,0.0013449899125756557
sp|P53273|YG35_YEAST,1,1036,0.0009652509652509653
sp|P53298|OKP1_YEAST,1,406,0.0024630541871921183
sp|Q08220|GSHB_YEAST,1,491,0.002036659877800407
sp|Q03629|YMH9_YEAST,1,201,0.004975124378109453
sp|Q08421|ETT1_YEAST,1,412,0.0024271844660194173
sp|Q05016|YM71_YEAST,1,267,0.003745318352059925
sp|P53166|MRH4_YEAST,2,561,0.0035650623885918
sp|Q06524|SUE1_YEAST,1,206,0.0048543689320388345
sp|Q02201|OSH6_YEAST,1,448,0.002232142857142857
sp|Q08960|TYW1_YEAST,1,810,0.0012345679012345679
sp|P54074|ASI1_YEAST,1,624,0.0016025641025641025
sp|Q02725|VTC3_YEAST,1,835,0.0011976047904191617
sp|Q04636|POB3_YEAST,2,552,0.0036231884057971015
sp|P54791|ORC4_YEAST,1,529,0.001890359168241966
sp|P53858|BNI4_YEAST,1,892,0.0011210762331838565
sp|P52918|MSN5_YEAST,1,1224,0.0008169934640522876
sp|Q05471|SWR1_YEAST,1,1514,0.0006605019815059445
sp|Q02821|IMA1_YEAST,1,542,0.0018450184501845018
sp|P53145|LSG1_YEAST,2,640,0.003125
sp|Q08962|NIP7_YEAST,2,181,0.011049723756906077
sp|Q04013|YHM2_YEAST,1,314,0.0031847133757961785
sp|P53193|JAC1_YEAST,1,184,0.005434782608695652
sp|Q06631|BFR2_YEAST,1,534,0.0018726591760299626
sp|P53742|NOG2_YEAST,1,486,0.00205761316872428
sp|P54885|PROA_YEAST,1,456,0.0021929824561403508
sp|Q01662|MAP1_YEAST,1,387,0.002583979328165375
sp|Q04338|VTI1_YEAST,1,217,0.004608294930875576
sp|Q02795|OSTD_YEAST,1,286,0.0034965034965034965
sp|P53900|PFD4_YEAST,1,129,0.007751937984496124
sp|P53320|MTM1_YEAST,1,366,0.00273224043715847
sp|P50896|PSP1_YEAST,1,841,0.0011890606420927466
sp|Q08548|ALE1_YEAST,1,619,0.0016155088852988692
sp|P53552|THO2_YEAST,2,1597,0.0012523481527864746
sp|Q07807|PUF3_YEAST,1,879,0.0011376564277588168
sp|Q02979|GDE1_YEAST,1,1223,0.0008176614881439084
sp|Q05949|BUR2_YEAST,1,395,0.002531645569620253
sp|Q04371|YMR7_YEAST,1,470,0.002127659574468085
sp|Q04217|DHR1_YEAST,1,1267,0.0007892659826361484
sp|Q03323|SDC1_YEAST,1,175,0.005714285714285714
sp|P54860|UFD2_YEAST,1,961,0.001040582726326743
sp|Q03201|RT10_YEAST,1,203,0.0049261083743842365
sp|Q02205|MEH1_YEAST,1,184,0.005434782608695652
sp|P53925|YNL5_YEAST,1,644,0.0015527950310559005
sp|P53734|DBP6_YEAST,2,629,0.003179650238473768
sp|P53258|GYP2_YEAST,2,950,0.002105263157894737
sp|Q08959|PGC1_YEAST,1,321,0.003115264797507788
sp|Q06218|DBP9_YEAST,2,594,0.003367003367003367
sp|Q03262|PGM3_YEAST,2,622,0.003215434083601286
sp|P53157|MPC1_YEAST,1,130,0.007692307692307693
sp|Q03361|JIP4_YEAST,1,876,0.001141552511415525
sp|Q05812|MSC3_YEAST,1,728,0.0013736263736263737
sp|P53691|PPID_YEAST,2,371,0.005390835579514825
sp|P53281|LSB1_YEAST,2,241,0.008298755186721992
sp|Q04660|ERB1_YEAST,1,807,0.0012391573729863693
sp|P53049|YOR1_YEAST,2,1477,0.0013540961408259986
sp|P53859|CSL4_YEAST,1,292,0.003424657534246575
sp|Q04693|RSE1_YEAST,2,1361,0.0014695077149155032
sp|Q06032|CST9_YEAST,1,482,0.002074688796680498
sp|P52960|PIP2_YEAST,1,996,0.001004016064257028
sp|P53905|LSM7_YEAST,1,115,0.008695652173913044
sp|P53893|RIA1_YEAST,1,1110,0.0009009009009009009
sp|P53140|RMD9_YEAST,1,646,0.0015479876160990713
sp|P53141|MLC1_YEAST,1,149,0.006711409395973154
sp|Q06704|IMH1_YEAST,1,911,0.0010976948408342481
sp|Q05567|SGPL_YEAST,1,589,0.001697792869269949
sp|Q01855|RS15_YEAST,1,142,0.007042253521126761
sp|P53550|DCP2_YEAST,2,970,0.002061855670103093
sp|Q08919|TRE1_YEAST,1,783,0.001277139208173691
sp|Q08229|NBA1_YEAST,1,501,0.001996007984031936
sp|Q02455|MLP1_YEAST,1,1875,0.0005333333333333334
sp|P52910|ACS2_YEAST,2,683,0.0029282576866764276
sp|P53084|YGW8_YEAST,1,216,0.004629629629629629
sp|Q03161|YMY9_YEAST,1,297,0.003367003367003367
sp|Q00539|NAM8_YEAST,1,523,0.0019120458891013384
sp|Q02792|XRN2_YEAST,2,1006,0.0019880715705765406
sp|P53740|YN8S_YEAST,1,393,0.002544529262086514
sp|Q07527|TRM3_YEAST,2,1436,0.001392757660167131
sp|Q07844|RIX7_YEAST,1,837,0.0011947431302270011
sp|Q06132|SGD1_YEAST,1,899,0.0011123470522803114
sp|Q03661|ESC1_YEAST,1,1658,0.0006031363088057901
sp|Q06336|GGA1_YEAST,1,557,0.0017953321364452424
sp|P53169|YBP2_YEAST,1,641,0.0015600624024961
sp|Q04526|YMI3_YEAST,1,418,0.0023923444976076554
sp|P52893|ALAM_YEAST,1,592,0.0016891891891891893
sp|Q03655|GAS3_YEAST,1,524,0.0019083969465648854
sp|P53929|YNK8_YEAST,1,270,0.003703703703703704
sp|Q03071|ELOC_YEAST,1,99,0.010101010101010102
sp|Q03177|YMZ2_YEAST,1,834,0.001199040767386091
sp|Q06216|PIG1_YEAST,1,648,0.0015432098765432098
sp|Q01477|UBP3_YEAST,2,912,0.0021929824561403508
sp|Q06706|ELP1_YEAST,3,1349,0.002223869532987398
sp|Q03707|SRC1_YEAST,3,834,0.0035971223021582736
sp|Q06108|RGC1_YEAST,1,1083,0.0009233610341643582
sp|P53834|HCH1_YEAST,1,153,0.006535947712418301
sp|P53438|SOK2_YEAST,1,785,0.0012738853503184713
sp|Q05905|HRI1_YEAST,1,244,0.004098360655737705
sp|Q06685|VIP1_YEAST,1,1146,0.0008726003490401396
sp|P55752|ISCB_YEAST,1,154,0.006493506493506494
sp|Q03104|MSC1_YEAST,1,513,0.001949317738791423
sp|Q06668|OMS1_YEAST,1,471,0.0021231422505307855
sp|Q04728|ARGJ_YEAST,1,441,0.0022675736961451248
sp|Q05123|ARP9_YEAST,1,467,0.0021413276231263384
sp|Q04178|HPRT_YEAST,2,221,0.00904977375565611
sp|Q02908|ELP3_YEAST,2,557,0.003590664272890485
sp|P53866|SQS1_YEAST,1,767,0.001303780964797914
sp|Q04439|MYO5_YEAST,1,1219,0.0008203445447087777
sp|Q07688|YPD1_YEAST,1,167,0.005988023952095809
sp|P53152|MMS2_YEAST,1,137,0.0072992700729927005
sp|P53091|MCM6_YEAST,2,1017,0.0019665683382497543
sp|Q02206|RSC4_YEAST,1,625,0.0016
sp|Q08965|BMS1_YEAST,1,1183,0.0008453085376162299
sp|Q07478|SUB2_YEAST,1,446,0.002242152466367713
sp|P53960|YNE0_YEAST,1,456,0.0021929824561403508
sp|P53251|SLX9_YEAST,1,210,0.004761904761904762
sp|Q02959|HOS3_YEAST,1,697,0.0014347202295552368
sp|Q03330|GCN5_YEAST,1,439,0.002277904328018223
sp|Q08972|NEW1_YEAST,4,1196,0.0033444816053511705
sp|Q06053|DUS3_YEAST,2,668,0.0029940119760479044
sp|Q03214|ECM5_YEAST,1,1411,0.0007087172218284905
sp|Q05506|SYRC_YEAST,1,607,0.0016474464579901153
sp|Q06451|TPO3_YEAST,1,622,0.001607717041800643
sp|Q07953|SDO1_YEAST,3,250,0.012
sp|Q03124|RSC9_YEAST,1,581,0.0017211703958691911
sp|Q06488|RSC2_YEAST,1,889,0.0011248593925759281
sp|Q03016|GIP3_YEAST,1,1276,0.0007836990595611285
sp|Q02884|ELP4_YEAST,1,456,0.0021929824561403508
sp|P53278|YG3A_YEAST,1,816,0.0012254901960784314
sp|Q00772|SLT2_YEAST,3,484,0.006198347107438017
sp|Q00955|ACAC_YEAST,4,2233,0.0017913121361397223
sp|Q08822|ETFD_YEAST,3,631,0.004754358161648178
sp|Q04401|ACN9_YEAST,2,133,0.015037593984962405
sp|Q08446|SGT1_YEAST,1,395,0.002531645569620253
sp|Q03532|HAS1_YEAST,1,505,0.0019801980198019802
sp|Q08773|ISW2_YEAST,2,1120,0.0017857142857142857
sp|Q04175|SXM1_YEAST,2,944,0.00211864406779661
sp|P53897|IGO1_YEAST,1,168,0.005952380952380952
sp|Q04301|VBA1_YEAST,1,562,0.0017793594306049821
sp|P53885|MDG1_YEAST,2,366,0.00546448087431694
sp|Q03195|RLI1_YEAST,1,608,0.001644736842105263
sp|P53598|SUCA_YEAST,1,329,0.00303951367781155
sp|Q06604|BSP1_YEAST,1,576,0.001736111111111111
sp|Q08204|SMC5_YEAST,1,1093,0.0009149130832570906
sp|Q07451|YET3_YEAST,1,203,0.0049261083743842365
sp|Q06156|CND1_YEAST,2,1176,0.0017006802721088435
sp|Q06705|CSR1_YEAST,1,408,0.0024509803921568627
sp|Q06440|CORO_YEAST,1,651,0.0015360983102918587
sp|P53276|UTP8_YEAST,1,713,0.001402524544179523
sp|Q04545|TDA9_YEAST,1,1251,0.0007993605115907274
sp|P53090|ARO8_YEAST,1,500,0.002
sp|Q03973|HMO1_YEAST,3,246,0.012195121951219513
sp|Q00362|2ABA_YEAST,1,526,0.0019011406844106464
sp|Q06494|PLR1_YEAST,1,345,0.002898550724637681
sp|Q05911|PUR8_YEAST,1,482,0.002074688796680498
sp|Q00416|SEN1_YEAST,3,2231,0.001344688480502017
sp|P53114|MED5_YEAST,1,1132,0.0008833922261484099
sp|P54838|DAK1_YEAST,1,584,0.0017123287671232876
sp|Q04062|RPN9_YEAST,1,393,0.002544529262086514
sp|Q08225|DPP3_YEAST,1,711,0.0014064697609001407
sp|Q05050|EIS1_YEAST,3,843,0.0035587188612099642
sp|P54861|DNM1_YEAST,2,757,0.002642007926023778
sp|Q02892|NOG1_YEAST,2,647,0.0030911901081916537
sp|Q03640|TCB3_YEAST,2,1545,0.0012944983818770227
sp|P54839|HMCS_YEAST,1,491,0.002036659877800407
sp|Q06679|UTP4_YEAST,1,776,0.001288659793814433
sp|P55249|ZRT4_YEAST,3,260,0.011538461538461539
sp|Q02773|RPM2_YEAST,2,1202,0.0016638935108153079
sp|Q05584|GLO2_YEAST,2,274,0.0072992700729927005
sp|Q05518|PAL1_YEAST,2,499,0.004008016032064128
sp|P53743|ESF2_YEAST,1,316,0.0031645569620253164
sp|P53318|COQ6_YEAST,1,479,0.0020876826722338203
sp|Q01476|UBP2_YEAST,1,1272,0.0007861635220125787
sp|P53163|MNP1_YEAST,1,194,0.005154639175257732
sp|Q06709|REH1_YEAST,1,432,0.0023148148148148147
sp|Q02793|SKI8_YEAST,1,397,0.0025188916876574307
sp|Q00402|NUM1_YEAST,4,2748,0.001455604075691412
sp|P53255|DRN1_YEAST,1,507,0.0019723865877712033
sp|P53835|PRM1_YEAST,1,661,0.0015128593040847202
sp|Q03407|PKH1_YEAST,1,766,0.0013054830287206266
sp|Q04006|UPS3_YEAST,1,179,0.00558659217877095
sp|Q03529|SCS7_YEAST,2,384,0.005208333333333333
sp|Q08692|OSW1_YEAST,1,278,0.0035971223021582736
sp|P53040|TAF6_YEAST,1,516,0.001937984496124031
sp|Q05022|RRP5_YEAST,3,1729,0.001735106998264893
sp|Q04947|RTN1_YEAST,1,295,0.003389830508474576
sp|Q07623|NOP6_YEAST,1,225,0.0044444444444444444
sp|Q08742|RDL2_YEAST,1,149,0.006711409395973154
sp|Q03558|OYE2_YEAST,1,400,0.0025
sp|Q08176|MIM1_YEAST,1,113,0.008849557522123894
sp|P53009|SCY1_YEAST,1,804,0.0012437810945273632
sp|Q07457|BRE1_YEAST,1,700,0.0014285714285714286
sp|P53277|SYF2_YEAST,1,215,0.004651162790697674
sp|P53622|COPA_YEAST,3,1201,0.002497918401332223
sp|P52917|VPS4_YEAST,2,437,0.004576659038901602
sp|Q06489|MTNA_YEAST,1,411,0.0024330900243309003
sp|Q04894|ADH6_YEAST,3,360,0.008333333333333333
sp|P53312|SUCB_YEAST,2,427,0.00468384074941452
sp|Q01560|NOP3_YEAST,2,414,0.004830917874396135
sp|Q03063|DIG1_YEAST,2,452,0.004424778761061947
sp|P53978|EF3B_YEAST,2,1044,0.0019157088122605363
sp|Q03280|TOM1_YEAST,3,3268,0.0009179926560587516
sp|Q04279|SEG1_YEAST,3,960,0.003125
sp|P53303|ZPR1_YEAST,2,486,0.00411522633744856
sp|P53261|PESC_YEAST,1,605,0.001652892561983471
sp|P54783|ALO_YEAST,1,526,0.0019011406844106464
sp|Q04792|DCE_YEAST,2,585,0.003418803418803419
sp|P53852|SYC_YEAST,1,767,0.001303780964797914
sp|P54964|ORN_YEAST,1,269,0.0037174721189591076
sp|Q03690|CLU_YEAST,3,1277,0.0023492560689115116
sp|Q07551|KAR_YEAST,3,312,0.009615384615384616
sp|P53909|ADE_YEAST,1,347,0.002881844380403458
sp|Q12071|VPS54_YEAST,1,889,0.0011248593925759281
sp|Q12274|YOR97_YEAST,1,175,0.005714285714285714
sp|Q12314|YO021_YEAST,1,213,0.004694835680751174
sp|Q12032|AIM41_YEAST,1,185,0.005405405405405406
sp|Q12080|NOP53_YEAST,1,455,0.002197802197802198
sp|Q12028|AP1G1_YEAST,1,832,0.001201923076923077
sp|Q12331|YFAS1_YEAST,1,272,0.003676470588235294
sp|Q12199|TIP41_YEAST,1,356,0.0028089887640449437
sp|Q10740|LKHA4_YEAST,2,671,0.0029806259314456036
sp|Q12389|DBP10_YEAST,2,995,0.0020100502512562816
sp|Q12275|YO093_YEAST,1,1648,0.0006067961165048543
sp|Q12000|TMA46_YEAST,1,345,0.002898550724637681
sp|Q12271|INP53_YEAST,3,1107,0.0027100271002710027
sp|Q12387|NAA25_YEAST,3,796,0.0037688442211055275
sp|Q12018|CDC53_YEAST,4,815,0.0049079754601227
sp|Q12176|MAK21_YEAST,4,1025,0.003902439024390244
sp|Q12395|DCN1_YEAST,1,269,0.0037174721189591076
sp|Q12427|STB3_YEAST,1,513,0.001949317738791423
sp|Q12102|CFT2_YEAST,1,859,0.0011641443538998836
sp|Q12454|OCA6_YEAST,1,224,0.004464285714285714
sp|Q12034|SLF1_YEAST,1,447,0.0022371364653243847
sp|Q12205|MNL2_YEAST,1,849,0.001177856301531213
sp|Q12074|SPEE_YEAST,1,293,0.0034129692832764505
sp|Q12272|TPT1_YEAST,1,230,0.004347826086956522
sp|Q12697|YPK9_YEAST,1,1472,0.0006793478260869565
sp|Q12449|AHA1_YEAST,1,350,0.002857142857142857
sp|Q12377|RPN6_YEAST,1,434,0.002304147465437788
sp|Q12297|TAF3_YEAST,1,353,0.0028328611898017
sp|Q12059|ULA1_YEAST,1,462,0.0021645021645021645
sp|Q12250|RPN5_YEAST,1,445,0.0022471910112359553
sp|P69771|DID2_YEAST,2,204,0.00980392156862745
sp|Q12029|FSF1_YEAST,1,327,0.0030581039755351682
sp|Q12196|RIO1_YEAST,1,484,0.002066115702479339
sp|Q12192|RFM1_YEAST,1,310,0.0032258064516129032
sp|Q12091|DAP1_YEAST,1,152,0.006578947368421052
sp|Q12340|YRM1_YEAST,1,786,0.001272264631043257
sp|Q12447|PAA1_YEAST,2,191,0.010471204188481676
sp|Q12033|PALA_YEAST,1,661,0.0015128593040847202
sp|Q12451|OSH2_YEAST,2,1283,0.001558846453624318
sp|Q12453|CEX1_YEAST,2,761,0.002628120893561104
sp|Q12476|AIR2_YEAST,1,344,0.0029069767441860465
sp|Q12263|GIN4_YEAST,1,1142,0.0008756567425569177
sp|Q12099|FAL1_YEAST,1,399,0.002506265664160401
sp|Q12466|TCB1_YEAST,4,1186,0.003372681281618887
sp|Q12406|ARP7_YEAST,1,477,0.0020964360587002098
sp|Q12044|RCN2_YEAST,1,265,0.0037735849056603774
sp|Q12743|DFM1_YEAST,1,341,0.002932551319648094
sp|Q12078|SMF3_YEAST,1,473,0.0021141649048625794
sp|Q12306|SMT3_YEAST,1,101,0.009900990099009901
sp|P69852|HSK3_YEAST,1,69,0.014492753623188406
sp|Q12674|ATC8_YEAST,1,1656,0.0006038647342995169
sp|Q12386|ARP8_YEAST,1,881,0.0011350737797956867
sp|Q12019|MDN1_YEAST,5,4910,0.0010183299389002036
sp|Q12432|EAF3_YEAST,2,401,0.004987531172069825
sp|Q12159|YRA1_YEAST,1,226,0.004424778761061947
sp|Q12089|AEP3_YEAST,1,606,0.0016501650165016502
sp|Q12285|MDY2_YEAST,1,212,0.0047169811320754715
sp|Q12117|MRH1_YEAST,2,320,0.00625
sp|Q12311|NTO1_YEAST,1,748,0.001336898395721925
sp|Q12234|RUD3_YEAST,1,484,0.002066115702479339
sp|Q12154|GET3_YEAST,1,354,0.002824858757062147
sp|Q12363|WTM1_YEAST,3,437,0.006864988558352402
sp|Q12469|SKM1_YEAST,1,655,0.0015267175572519084
sp|Q12056|ISU2_YEAST,1,156,0.00641025641025641
sp|Q12532|TAE2_YEAST,1,1038,0.0009633911368015414
sp|Q12680|GLT1_YEAST,2,2145,0.0009324009324009324
sp|Q12458|YPR1_YEAST,2,312,0.00641025641025641
sp|Q12296|MAM3_YEAST,2,706,0.0028328611898017
sp|Q12211|PUS1_YEAST,1,544,0.001838235294117647
sp|P60010|ACT_YEAST,4,375,0.010666666666666666
sp|P61830|H3_YEAST,1,136,0.007352941176470588
sp|P00761|TRYP_PIG,3,231,0.012987012987012988
sp|P89886|TMA20_YEAST,2,181,0.011049723756906077
sp|Q3E7Z5|YI002_YEAST,1,69,0.014492753623188406
sp|Q3E772|YG169_YEAST,1,92,0.010869565217391304
sp|P89105|CTR9_YEAST,2,1077,0.0018570102135561746
sp|Q6Q560|ISD11_YEAST,1,94,0.010638297872340425
sp|Q8TGL7|YN003_YEAST,1,32,0.03125
sp|Q99394|TRS33_YEAST,2,268,0.007462686567164179
sp|Q99247|YO087_YEAST,2,1116,0.0017921146953405018
sp|Q99190|TSC13_YEAST,3,310,0.00967741935483871
sp|Q9URQ5|HTL1_YEAST,1,78,0.01282051282051282
sp|Q99288|DET1_YEAST,1,334,0.0029940119760479044
sp|Q99316|MPD2_YEAST,1,277,0.0036101083032490976
sp|Q92325|LAG2_YEAST,1,660,0.0015151515151515152
sp|Q99314|SAS5_YEAST,1,248,0.004032258064516129
sp|Q92331|VPS5_YEAST,1,675,0.0014814814814814814
sp|Q99383|HRP1_YEAST,2,534,0.003745318352059925
sp|Q99216|PNO1_YEAST,1,274,0.0036496350364963502
